--
-- PostgreSQL database dump
--

-- Dumped from database version 14.9
-- Dumped by pg_dump version 14.9

-- Started on 2023-09-02 13:08:07

SET statement_timeout = 0;
SET lock_timeout = 0;
SET idle_in_transaction_session_timeout = 0;
SET client_encoding = 'UTF8';
SET standard_conforming_strings = on;
SELECT pg_catalog.set_config('search_path', '', false);
SET check_function_bodies = false;
SET xmloption = content;
SET client_min_messages = warning;
SET row_security = off;

--
-- TOC entry 2 (class 3079 OID 16588)
-- Name: pgcrypto; Type: EXTENSION; Schema: -; Owner: -
--

CREATE EXTENSION IF NOT EXISTS pgcrypto WITH SCHEMA public;


--
-- TOC entry 3520 (class 0 OID 0)
-- Dependencies: 2
-- Name: EXTENSION pgcrypto; Type: COMMENT; Schema: -; Owner: 
--

COMMENT ON EXTENSION pgcrypto IS 'cryptographic functions';


SET default_tablespace = '';

SET default_table_access_method = heap;

--
-- TOC entry 217 (class 1259 OID 16418)
-- Name: auth_group; Type: TABLE; Schema: public; Owner: postgres
--

CREATE TABLE public.auth_group (
    id integer NOT NULL,
    name character varying(150) NOT NULL
);


ALTER TABLE public.auth_group OWNER TO postgres;

--
-- TOC entry 216 (class 1259 OID 16417)
-- Name: auth_group_id_seq; Type: SEQUENCE; Schema: public; Owner: postgres
--

ALTER TABLE public.auth_group ALTER COLUMN id ADD GENERATED BY DEFAULT AS IDENTITY (
    SEQUENCE NAME public.auth_group_id_seq
    START WITH 1
    INCREMENT BY 1
    NO MINVALUE
    NO MAXVALUE
    CACHE 1
);


--
-- TOC entry 219 (class 1259 OID 16426)
-- Name: auth_group_permissions; Type: TABLE; Schema: public; Owner: postgres
--

CREATE TABLE public.auth_group_permissions (
    id bigint NOT NULL,
    group_id integer NOT NULL,
    permission_id integer NOT NULL
);


ALTER TABLE public.auth_group_permissions OWNER TO postgres;

--
-- TOC entry 218 (class 1259 OID 16425)
-- Name: auth_group_permissions_id_seq; Type: SEQUENCE; Schema: public; Owner: postgres
--

ALTER TABLE public.auth_group_permissions ALTER COLUMN id ADD GENERATED BY DEFAULT AS IDENTITY (
    SEQUENCE NAME public.auth_group_permissions_id_seq
    START WITH 1
    INCREMENT BY 1
    NO MINVALUE
    NO MAXVALUE
    CACHE 1
);


--
-- TOC entry 215 (class 1259 OID 16412)
-- Name: auth_permission; Type: TABLE; Schema: public; Owner: postgres
--

CREATE TABLE public.auth_permission (
    id integer NOT NULL,
    name character varying(255) NOT NULL,
    content_type_id integer NOT NULL,
    codename character varying(100) NOT NULL
);


ALTER TABLE public.auth_permission OWNER TO postgres;

--
-- TOC entry 214 (class 1259 OID 16411)
-- Name: auth_permission_id_seq; Type: SEQUENCE; Schema: public; Owner: postgres
--

ALTER TABLE public.auth_permission ALTER COLUMN id ADD GENERATED BY DEFAULT AS IDENTITY (
    SEQUENCE NAME public.auth_permission_id_seq
    START WITH 1
    INCREMENT BY 1
    NO MINVALUE
    NO MAXVALUE
    CACHE 1
);


--
-- TOC entry 221 (class 1259 OID 16432)
-- Name: auth_user; Type: TABLE; Schema: public; Owner: postgres
--

CREATE TABLE public.auth_user (
    id integer NOT NULL,
    password character varying(128) NOT NULL,
    last_login timestamp with time zone,
    is_superuser boolean NOT NULL,
    username character varying(150) NOT NULL,
    first_name character varying(150) NOT NULL,
    last_name character varying(150) NOT NULL,
    email character varying(254) NOT NULL,
    is_staff boolean NOT NULL,
    is_active boolean NOT NULL,
    date_joined timestamp with time zone NOT NULL
);


ALTER TABLE public.auth_user OWNER TO postgres;

--
-- TOC entry 223 (class 1259 OID 16440)
-- Name: auth_user_groups; Type: TABLE; Schema: public; Owner: postgres
--

CREATE TABLE public.auth_user_groups (
    id bigint NOT NULL,
    user_id integer NOT NULL,
    group_id integer NOT NULL
);


ALTER TABLE public.auth_user_groups OWNER TO postgres;

--
-- TOC entry 222 (class 1259 OID 16439)
-- Name: auth_user_groups_id_seq; Type: SEQUENCE; Schema: public; Owner: postgres
--

ALTER TABLE public.auth_user_groups ALTER COLUMN id ADD GENERATED BY DEFAULT AS IDENTITY (
    SEQUENCE NAME public.auth_user_groups_id_seq
    START WITH 1
    INCREMENT BY 1
    NO MINVALUE
    NO MAXVALUE
    CACHE 1
);


--
-- TOC entry 220 (class 1259 OID 16431)
-- Name: auth_user_id_seq; Type: SEQUENCE; Schema: public; Owner: postgres
--

ALTER TABLE public.auth_user ALTER COLUMN id ADD GENERATED BY DEFAULT AS IDENTITY (
    SEQUENCE NAME public.auth_user_id_seq
    START WITH 1
    INCREMENT BY 1
    NO MINVALUE
    NO MAXVALUE
    CACHE 1
);


--
-- TOC entry 225 (class 1259 OID 16446)
-- Name: auth_user_user_permissions; Type: TABLE; Schema: public; Owner: postgres
--

CREATE TABLE public.auth_user_user_permissions (
    id bigint NOT NULL,
    user_id integer NOT NULL,
    permission_id integer NOT NULL
);


ALTER TABLE public.auth_user_user_permissions OWNER TO postgres;

--
-- TOC entry 224 (class 1259 OID 16445)
-- Name: auth_user_user_permissions_id_seq; Type: SEQUENCE; Schema: public; Owner: postgres
--

ALTER TABLE public.auth_user_user_permissions ALTER COLUMN id ADD GENERATED BY DEFAULT AS IDENTITY (
    SEQUENCE NAME public.auth_user_user_permissions_id_seq
    START WITH 1
    INCREMENT BY 1
    NO MINVALUE
    NO MAXVALUE
    CACHE 1
);


--
-- TOC entry 237 (class 1259 OID 16625)
-- Name: authtoken_token; Type: TABLE; Schema: public; Owner: postgres
--

CREATE TABLE public.authtoken_token (
    key character varying(40) NOT NULL,
    created timestamp with time zone NOT NULL,
    user_id integer NOT NULL
);


ALTER TABLE public.authtoken_token OWNER TO postgres;

--
-- TOC entry 230 (class 1259 OID 16542)
-- Name: customer; Type: TABLE; Schema: public; Owner: postgres
--

CREATE TABLE public.customer (
    customer_id integer NOT NULL,
    customer_name character varying(50) NOT NULL,
    phone character varying(30),
    address character varying(255),
    user_name character varying(50),
    password character varying(255)
);


ALTER TABLE public.customer OWNER TO postgres;

--
-- TOC entry 227 (class 1259 OID 16504)
-- Name: django_admin_log; Type: TABLE; Schema: public; Owner: postgres
--

CREATE TABLE public.django_admin_log (
    id integer NOT NULL,
    action_time timestamp with time zone NOT NULL,
    object_id text,
    object_repr character varying(200) NOT NULL,
    action_flag smallint NOT NULL,
    change_message text NOT NULL,
    content_type_id integer,
    user_id integer NOT NULL,
    CONSTRAINT django_admin_log_action_flag_check CHECK ((action_flag >= 0))
);


ALTER TABLE public.django_admin_log OWNER TO postgres;

--
-- TOC entry 226 (class 1259 OID 16503)
-- Name: django_admin_log_id_seq; Type: SEQUENCE; Schema: public; Owner: postgres
--

ALTER TABLE public.django_admin_log ALTER COLUMN id ADD GENERATED BY DEFAULT AS IDENTITY (
    SEQUENCE NAME public.django_admin_log_id_seq
    START WITH 1
    INCREMENT BY 1
    NO MINVALUE
    NO MAXVALUE
    CACHE 1
);


--
-- TOC entry 213 (class 1259 OID 16404)
-- Name: django_content_type; Type: TABLE; Schema: public; Owner: postgres
--

CREATE TABLE public.django_content_type (
    id integer NOT NULL,
    app_label character varying(100) NOT NULL,
    model character varying(100) NOT NULL
);


ALTER TABLE public.django_content_type OWNER TO postgres;

--
-- TOC entry 212 (class 1259 OID 16403)
-- Name: django_content_type_id_seq; Type: SEQUENCE; Schema: public; Owner: postgres
--

ALTER TABLE public.django_content_type ALTER COLUMN id ADD GENERATED BY DEFAULT AS IDENTITY (
    SEQUENCE NAME public.django_content_type_id_seq
    START WITH 1
    INCREMENT BY 1
    NO MINVALUE
    NO MAXVALUE
    CACHE 1
);


--
-- TOC entry 211 (class 1259 OID 16396)
-- Name: django_migrations; Type: TABLE; Schema: public; Owner: postgres
--

CREATE TABLE public.django_migrations (
    id bigint NOT NULL,
    app character varying(255) NOT NULL,
    name character varying(255) NOT NULL,
    applied timestamp with time zone NOT NULL
);


ALTER TABLE public.django_migrations OWNER TO postgres;

--
-- TOC entry 210 (class 1259 OID 16395)
-- Name: django_migrations_id_seq; Type: SEQUENCE; Schema: public; Owner: postgres
--

ALTER TABLE public.django_migrations ALTER COLUMN id ADD GENERATED BY DEFAULT AS IDENTITY (
    SEQUENCE NAME public.django_migrations_id_seq
    START WITH 1
    INCREMENT BY 1
    NO MINVALUE
    NO MAXVALUE
    CACHE 1
);


--
-- TOC entry 228 (class 1259 OID 16532)
-- Name: django_session; Type: TABLE; Schema: public; Owner: postgres
--

CREATE TABLE public.django_session (
    session_key character varying(40) NOT NULL,
    session_data text NOT NULL,
    expire_date timestamp with time zone NOT NULL
);


ALTER TABLE public.django_session OWNER TO postgres;

--
-- TOC entry 232 (class 1259 OID 16550)
-- Name: item; Type: TABLE; Schema: public; Owner: postgres
--

CREATE TABLE public.item (
    item_id integer NOT NULL,
    item_no character varying(20),
    item_name character varying(50),
    uom character varying(10),
    unit_price double precision
);


ALTER TABLE public.item OWNER TO postgres;

--
-- TOC entry 236 (class 1259 OID 16562)
-- Name: order_detail; Type: TABLE; Schema: public; Owner: postgres
--

CREATE TABLE public.order_detail (
    id bigint NOT NULL,
    seq smallint NOT NULL,
    quantity double precision,
    unit_price double precision,
    item_id integer NOT NULL,
    order_id integer NOT NULL
);


ALTER TABLE public.order_detail OWNER TO postgres;

--
-- TOC entry 235 (class 1259 OID 16561)
-- Name: order_detail_id_seq; Type: SEQUENCE; Schema: public; Owner: postgres
--

ALTER TABLE public.order_detail ALTER COLUMN id ADD GENERATED BY DEFAULT AS IDENTITY (
    SEQUENCE NAME public.order_detail_id_seq
    START WITH 1
    INCREMENT BY 1
    NO MINVALUE
    NO MAXVALUE
    CACHE 1
);


--
-- TOC entry 234 (class 1259 OID 16556)
-- Name: orders; Type: TABLE; Schema: public; Owner: postgres
--

CREATE TABLE public.orders (
    order_id integer NOT NULL,
    order_no character varying(30),
    order_date date,
    order_amount double precision,
    customer_id integer NOT NULL
);


ALTER TABLE public.orders OWNER TO postgres;

--
-- TOC entry 233 (class 1259 OID 16555)
-- Name: order_order_id_seq; Type: SEQUENCE; Schema: public; Owner: postgres
--

ALTER TABLE public.orders ALTER COLUMN order_id ADD GENERATED BY DEFAULT AS IDENTITY (
    SEQUENCE NAME public.order_order_id_seq
    START WITH 1
    INCREMENT BY 1
    NO MINVALUE
    NO MAXVALUE
    CACHE 1
);


--
-- TOC entry 229 (class 1259 OID 16541)
-- Name: testapp_customer_customer_id_seq; Type: SEQUENCE; Schema: public; Owner: postgres
--

ALTER TABLE public.customer ALTER COLUMN customer_id ADD GENERATED BY DEFAULT AS IDENTITY (
    SEQUENCE NAME public.testapp_customer_customer_id_seq
    START WITH 1
    INCREMENT BY 1
    NO MINVALUE
    NO MAXVALUE
    CACHE 1
);


--
-- TOC entry 231 (class 1259 OID 16549)
-- Name: testapp_item_item_id_seq; Type: SEQUENCE; Schema: public; Owner: postgres
--

ALTER TABLE public.item ALTER COLUMN item_id ADD GENERATED BY DEFAULT AS IDENTITY (
    SEQUENCE NAME public.testapp_item_item_id_seq
    START WITH 1
    INCREMENT BY 1
    NO MINVALUE
    NO MAXVALUE
    CACHE 1
);


--
-- TOC entry 3494 (class 0 OID 16418)
-- Dependencies: 217
-- Data for Name: auth_group; Type: TABLE DATA; Schema: public; Owner: postgres
--

COPY public.auth_group (id, name) FROM stdin;
\.


--
-- TOC entry 3496 (class 0 OID 16426)
-- Dependencies: 219
-- Data for Name: auth_group_permissions; Type: TABLE DATA; Schema: public; Owner: postgres
--

COPY public.auth_group_permissions (id, group_id, permission_id) FROM stdin;
\.


--
-- TOC entry 3492 (class 0 OID 16412)
-- Dependencies: 215
-- Data for Name: auth_permission; Type: TABLE DATA; Schema: public; Owner: postgres
--

COPY public.auth_permission (id, name, content_type_id, codename) FROM stdin;
1	Can add log entry	1	add_logentry
2	Can change log entry	1	change_logentry
3	Can delete log entry	1	delete_logentry
4	Can view log entry	1	view_logentry
5	Can add permission	2	add_permission
6	Can change permission	2	change_permission
7	Can delete permission	2	delete_permission
8	Can view permission	2	view_permission
9	Can add group	3	add_group
10	Can change group	3	change_group
11	Can delete group	3	delete_group
12	Can view group	3	view_group
13	Can add user	4	add_user
14	Can change user	4	change_user
15	Can delete user	4	delete_user
16	Can view user	4	view_user
17	Can add content type	5	add_contenttype
18	Can change content type	5	change_contenttype
19	Can delete content type	5	delete_contenttype
20	Can view content type	5	view_contenttype
21	Can add session	6	add_session
22	Can change session	6	change_session
23	Can delete session	6	delete_session
24	Can view session	6	view_session
25	Can add customer	7	add_customer
26	Can change customer	7	change_customer
27	Can delete customer	7	delete_customer
28	Can view customer	7	view_customer
29	Can add item	8	add_item
30	Can change item	8	change_item
31	Can delete item	8	delete_item
32	Can view item	8	view_item
33	Can add order	9	add_order
34	Can change order	9	change_order
35	Can delete order	9	delete_order
36	Can view order	9	view_order
37	Can add order detail	10	add_orderdetail
38	Can change order detail	10	change_orderdetail
39	Can delete order detail	10	delete_orderdetail
40	Can view order detail	10	view_orderdetail
41	Can add Token	11	add_token
42	Can change Token	11	change_token
43	Can delete Token	11	delete_token
44	Can view Token	11	view_token
45	Can add token	12	add_tokenproxy
46	Can change token	12	change_tokenproxy
47	Can delete token	12	delete_tokenproxy
48	Can view token	12	view_tokenproxy
49	Can add raw model	13	add_rawmodel
50	Can change raw model	13	change_rawmodel
51	Can delete raw model	13	delete_rawmodel
52	Can view raw model	13	view_rawmodel
\.


--
-- TOC entry 3498 (class 0 OID 16432)
-- Dependencies: 221
-- Data for Name: auth_user; Type: TABLE DATA; Schema: public; Owner: postgres
--

COPY public.auth_user (id, password, last_login, is_superuser, username, first_name, last_name, email, is_staff, is_active, date_joined) FROM stdin;
1	pbkdf2_sha256$600000$XO2mGTQERKiMCR6Jq1gS4m$/1BxC+mTxUfWVrlseFFvgrvdPSQoA01B+RuYyn2RCdA=	\N	f	Andi			test@1.in	f	t	2023-09-01 23:50:28.280423+07
2	pbkdf2_sha256$600000$t6jQtIAiK6k42LuMeqnmUH$l/ZTF30b74QCVTI+8sGjZ8n05vfsGI3baptBK8roPjg=	2023-09-02 00:47:54.131109+07	f	test@1.co.id			test@1.co.id	f	t	2023-09-01 23:55:35.429215+07
3	pbkdf2_sha256$600000$kM03qSknQE16MyvsUXzRVA$jOTRzaIX5sRyESC9YuY7Lkdkn+AarUqZD3IXOSOuj+Y=	2023-09-02 00:49:19.50532+07	f	test@1.co.is			test@1.co.is	f	t	2023-09-02 00:48:52.930883+07
4	pbkdf2_sha256$600000$mdUm01Ddoh1wdooAVgpaT4$png9c/TUewq3EDJWfve9YYWhd4j4wl/eDGNZ1EFdXbM=	2023-09-02 11:09:28.363504+07	f	bambang@test.id			bambang@test.id	f	t	2023-09-02 11:04:49.782978+07
5	pbkdf2_sha256$600000$SGO0XnfKJjlly2BWcnsfjc$7YlGCq6XQVvOjbwc2JxS8nqNjXg1Zc/VUYexa11ON3E=	\N	f	test@test.id			test@test.id	f	t	2023-09-02 12:06:31.960801+07
\.


--
-- TOC entry 3500 (class 0 OID 16440)
-- Dependencies: 223
-- Data for Name: auth_user_groups; Type: TABLE DATA; Schema: public; Owner: postgres
--

COPY public.auth_user_groups (id, user_id, group_id) FROM stdin;
\.


--
-- TOC entry 3502 (class 0 OID 16446)
-- Dependencies: 225
-- Data for Name: auth_user_user_permissions; Type: TABLE DATA; Schema: public; Owner: postgres
--

COPY public.auth_user_user_permissions (id, user_id, permission_id) FROM stdin;
\.


--
-- TOC entry 3514 (class 0 OID 16625)
-- Dependencies: 237
-- Data for Name: authtoken_token; Type: TABLE DATA; Schema: public; Owner: postgres
--

COPY public.authtoken_token (key, created, user_id) FROM stdin;
1618066fa1bd9e5e0daee9638b5287f08381508f	2023-09-02 00:27:32.281904+07	2
9704d1e8150c4762486661ef02cfe090acd82aaf	2023-09-02 00:49:03.355224+07	3
c730f6af8a6195fbd135dfc452e8dbbc9e4c1046	2023-09-02 11:09:28.387991+07	4
\.


--
-- TOC entry 3507 (class 0 OID 16542)
-- Dependencies: 230
-- Data for Name: customer; Type: TABLE DATA; Schema: public; Owner: postgres
--

COPY public.customer (customer_id, customer_name, phone, address, user_name, password) FROM stdin;
1	Andi	081	Andi	test@1.co	test
2	Andi	123	Andi	test@1.com	$2a$06$ECkl8voPFa0QJProQ/vm8eme50RwLvP3DjidFZWwYjCmuy8Y5Yh7a
5	Andi	123456	Andi	test@1.co.id	$2a$06$ljNiVm1PF0lnuBEJiON.0.X5mbRdS7R/HHs0SQo1oyDBzkLOqLmFu
6	Budi	1234567	Jln. Gajah ada	test@1.co.is	$2a$06$Llfw3iMokn6p94rts3KrGeD2mW2sPqw6nFqLPDi2oozef05T3IlKa
3	Gatat Kaca	1234568	J. Kopo	test@1.web	$2a$06$Q68FC6nL3DCPDVVgMIzlI.54aXmPAYF5BOuoXd9.iQAaAwoj6wbP2
4	Bambang Soet	081xxxxxxxxx	Jln. Lingkar	test@1.in	$2a$06$6KzUdYZowzZJJElMbwdpR.vidMLVEJVXpr6aLCXly1uQ5ikSAlmgu
7	Bambang Soet	081xxxxxxxxx	Jln. Lingkar	bambang@test.id	$2a$06$pWoId2HLehzpqAhLEOrI3usTkjBUvWMuSKcpPoHM9xC.3t4IHe7tS
8	TTest	081xxxxxx	Jln. Soekarno Hatta	test@test.id	$2a$06$F5PKERZgO6SUue13ug0Xkua/PUv9LIYQhrdFegWvzSVVU67XK.WF2
\.


--
-- TOC entry 3504 (class 0 OID 16504)
-- Dependencies: 227
-- Data for Name: django_admin_log; Type: TABLE DATA; Schema: public; Owner: postgres
--

COPY public.django_admin_log (id, action_time, object_id, object_repr, action_flag, change_message, content_type_id, user_id) FROM stdin;
\.


--
-- TOC entry 3490 (class 0 OID 16404)
-- Dependencies: 213
-- Data for Name: django_content_type; Type: TABLE DATA; Schema: public; Owner: postgres
--

COPY public.django_content_type (id, app_label, model) FROM stdin;
1	admin	logentry
2	auth	permission
3	auth	group
4	auth	user
5	contenttypes	contenttype
6	sessions	session
7	testapp	customer
8	testapp	item
9	testapp	order
10	testapp	orderdetail
11	authtoken	token
12	authtoken	tokenproxy
13	testapp	rawmodel
\.


--
-- TOC entry 3488 (class 0 OID 16396)
-- Dependencies: 211
-- Data for Name: django_migrations; Type: TABLE DATA; Schema: public; Owner: postgres
--

COPY public.django_migrations (id, app, name, applied) FROM stdin;
1	contenttypes	0001_initial	2023-08-30 17:05:02.204194+07
2	auth	0001_initial	2023-08-30 17:05:03.197488+07
3	admin	0001_initial	2023-08-30 17:05:03.425311+07
4	admin	0002_logentry_remove_auto_add	2023-08-30 17:05:03.457344+07
5	admin	0003_logentry_add_action_flag_choices	2023-08-30 17:05:03.473884+07
6	contenttypes	0002_remove_content_type_name	2023-08-30 17:05:03.53799+07
7	auth	0002_alter_permission_name_max_length	2023-08-30 17:05:03.555391+07
8	auth	0003_alter_user_email_max_length	2023-08-30 17:05:03.573955+07
9	auth	0004_alter_user_username_opts	2023-08-30 17:05:03.58605+07
10	auth	0005_alter_user_last_login_null	2023-08-30 17:05:03.60205+07
11	auth	0006_require_contenttypes_0002	2023-08-30 17:05:03.605982+07
12	auth	0007_alter_validators_add_error_messages	2023-08-30 17:05:03.622053+07
13	auth	0008_alter_user_username_max_length	2023-08-30 17:05:03.694063+07
14	auth	0009_alter_user_last_name_max_length	2023-08-30 17:05:03.722132+07
15	auth	0010_alter_group_name_max_length	2023-08-30 17:05:03.738133+07
16	auth	0011_update_proxy_permissions	2023-08-30 17:05:03.754133+07
17	auth	0012_alter_user_first_name_max_length	2023-08-30 17:05:03.769197+07
18	sessions	0001_initial	2023-08-30 17:05:03.914165+07
19	testapp	0001_initial	2023-08-31 16:33:22.678746+07
20	testapp	0002_item_alter_customer_address_alter_customer_password_and_more	2023-08-31 16:33:22.853188+07
21	testapp	0003_order_alter_customer_options_alter_item_options_and_more	2023-08-31 16:33:23.13116+07
22	authtoken	0001_initial	2023-09-02 00:22:42.137524+07
23	authtoken	0002_auto_20160226_1747	2023-09-02 00:22:42.19252+07
24	authtoken	0003_tokenproxy	2023-09-02 00:22:42.19652+07
25	testapp	0004_rawmodel_alter_order_table	2023-09-02 03:20:14.366252+07
26	testapp	0005_rename_customer_id_order_customer_and_more	2023-09-02 03:26:30.42199+07
27	testapp	0006_alter_order_order_date	2023-09-02 03:43:45.17249+07
28	testapp	0007_alter_order_order_date	2023-09-02 03:44:44.039074+07
\.


--
-- TOC entry 3505 (class 0 OID 16532)
-- Dependencies: 228
-- Data for Name: django_session; Type: TABLE DATA; Schema: public; Owner: postgres
--

COPY public.django_session (session_key, session_data, expire_date) FROM stdin;
30i0quehzprs1uae336gkedtv90fyky9	.eJxVjDkOwjAURO_iGlnYP_JCSc8ZrL_YOIAcKU4qxN1JpBTQjea9mbdKuC41rT3PaRR1UaBOvx0hP3PbgTyw3SfNU1vmkfSu6IN2fZskv66H-3dQsddtTU6sMYCuoBcD4K0vA7L1ZiAbKXBgjugyGwSOwGdkkoIcLIrfgvp8AfMUOTo:1qc8Gl:tRtw9dvgQPHxrhJCPj333JTIs1VW3QjS5N9wgIYgEXM	2023-09-16 00:49:19.516253+07
wdthnxvpkwdqzgl3tyeewjcjzg26s7bx	.eJxVjDsOwjAQBe_iGlnx36Gk5wzWrneNA8iR4qRC3B0ipYD2zcx7iQTbWtPWeUkTibOw4vS7IeQHtx3QHdptlnlu6zKh3BV50C6vM_Hzcrh_BxV6_dZggHUIQzRZGRWK4pEshNFRKRkjRc2MWHyxg3POQywGYgAiVD5qbcX7A_kWOG8:1qcHwu:aBv8dtM9v3KPipP_f-giTiN5_LOv3v_JkTWWKAK8tj4	2023-09-16 11:09:28.398001+07
\.


--
-- TOC entry 3509 (class 0 OID 16550)
-- Dependencies: 232
-- Data for Name: item; Type: TABLE DATA; Schema: public; Owner: postgres
--

COPY public.item (item_id, item_no, item_name, uom, unit_price) FROM stdin;
1	I001	Indomie	PCS	4000
2	P001	Pocary Sweat	BTL	9000
3	C001	Coca Cola	BTL	12000
4	B001	Beng Beng	PCS	3000
5	R001	Roma Malkist	PCS	7000
\.


--
-- TOC entry 3513 (class 0 OID 16562)
-- Dependencies: 236
-- Data for Name: order_detail; Type: TABLE DATA; Schema: public; Owner: postgres
--

COPY public.order_detail (id, seq, quantity, unit_price, item_id, order_id) FROM stdin;
1	1	10	9000	2	5
3	1	50	12000	3	6
\.


--
-- TOC entry 3511 (class 0 OID 16556)
-- Dependencies: 234
-- Data for Name: orders; Type: TABLE DATA; Schema: public; Owner: postgres
--

COPY public.orders (order_id, order_no, order_date, order_amount, customer_id) FROM stdin;
5	202309010001	2023-09-02	0	6
6	20230901007	2023-09-02	0	7
\.


--
-- TOC entry 3521 (class 0 OID 0)
-- Dependencies: 216
-- Name: auth_group_id_seq; Type: SEQUENCE SET; Schema: public; Owner: postgres
--

SELECT pg_catalog.setval('public.auth_group_id_seq', 1, false);


--
-- TOC entry 3522 (class 0 OID 0)
-- Dependencies: 218
-- Name: auth_group_permissions_id_seq; Type: SEQUENCE SET; Schema: public; Owner: postgres
--

SELECT pg_catalog.setval('public.auth_group_permissions_id_seq', 1, false);


--
-- TOC entry 3523 (class 0 OID 0)
-- Dependencies: 214
-- Name: auth_permission_id_seq; Type: SEQUENCE SET; Schema: public; Owner: postgres
--

SELECT pg_catalog.setval('public.auth_permission_id_seq', 52, true);


--
-- TOC entry 3524 (class 0 OID 0)
-- Dependencies: 222
-- Name: auth_user_groups_id_seq; Type: SEQUENCE SET; Schema: public; Owner: postgres
--

SELECT pg_catalog.setval('public.auth_user_groups_id_seq', 1, false);


--
-- TOC entry 3525 (class 0 OID 0)
-- Dependencies: 220
-- Name: auth_user_id_seq; Type: SEQUENCE SET; Schema: public; Owner: postgres
--

SELECT pg_catalog.setval('public.auth_user_id_seq', 5, true);


--
-- TOC entry 3526 (class 0 OID 0)
-- Dependencies: 224
-- Name: auth_user_user_permissions_id_seq; Type: SEQUENCE SET; Schema: public; Owner: postgres
--

SELECT pg_catalog.setval('public.auth_user_user_permissions_id_seq', 1, false);


--
-- TOC entry 3527 (class 0 OID 0)
-- Dependencies: 226
-- Name: django_admin_log_id_seq; Type: SEQUENCE SET; Schema: public; Owner: postgres
--

SELECT pg_catalog.setval('public.django_admin_log_id_seq', 1, false);


--
-- TOC entry 3528 (class 0 OID 0)
-- Dependencies: 212
-- Name: django_content_type_id_seq; Type: SEQUENCE SET; Schema: public; Owner: postgres
--

SELECT pg_catalog.setval('public.django_content_type_id_seq', 13, true);


--
-- TOC entry 3529 (class 0 OID 0)
-- Dependencies: 210
-- Name: django_migrations_id_seq; Type: SEQUENCE SET; Schema: public; Owner: postgres
--

SELECT pg_catalog.setval('public.django_migrations_id_seq', 28, true);


--
-- TOC entry 3530 (class 0 OID 0)
-- Dependencies: 235
-- Name: order_detail_id_seq; Type: SEQUENCE SET; Schema: public; Owner: postgres
--

SELECT pg_catalog.setval('public.order_detail_id_seq', 4, true);


--
-- TOC entry 3531 (class 0 OID 0)
-- Dependencies: 233
-- Name: order_order_id_seq; Type: SEQUENCE SET; Schema: public; Owner: postgres
--

SELECT pg_catalog.setval('public.order_order_id_seq', 6, true);


--
-- TOC entry 3532 (class 0 OID 0)
-- Dependencies: 229
-- Name: testapp_customer_customer_id_seq; Type: SEQUENCE SET; Schema: public; Owner: postgres
--

SELECT pg_catalog.setval('public.testapp_customer_customer_id_seq', 8, true);


--
-- TOC entry 3533 (class 0 OID 0)
-- Dependencies: 231
-- Name: testapp_item_item_id_seq; Type: SEQUENCE SET; Schema: public; Owner: postgres
--

SELECT pg_catalog.setval('public.testapp_item_item_id_seq', 5, true);


--
-- TOC entry 3283 (class 2606 OID 16530)
-- Name: auth_group auth_group_name_key; Type: CONSTRAINT; Schema: public; Owner: postgres
--

ALTER TABLE ONLY public.auth_group
    ADD CONSTRAINT auth_group_name_key UNIQUE (name);


--
-- TOC entry 3288 (class 2606 OID 16461)
-- Name: auth_group_permissions auth_group_permissions_group_id_permission_id_0cd325b0_uniq; Type: CONSTRAINT; Schema: public; Owner: postgres
--

ALTER TABLE ONLY public.auth_group_permissions
    ADD CONSTRAINT auth_group_permissions_group_id_permission_id_0cd325b0_uniq UNIQUE (group_id, permission_id);


--
-- TOC entry 3291 (class 2606 OID 16430)
-- Name: auth_group_permissions auth_group_permissions_pkey; Type: CONSTRAINT; Schema: public; Owner: postgres
--

ALTER TABLE ONLY public.auth_group_permissions
    ADD CONSTRAINT auth_group_permissions_pkey PRIMARY KEY (id);


--
-- TOC entry 3285 (class 2606 OID 16422)
-- Name: auth_group auth_group_pkey; Type: CONSTRAINT; Schema: public; Owner: postgres
--

ALTER TABLE ONLY public.auth_group
    ADD CONSTRAINT auth_group_pkey PRIMARY KEY (id);


--
-- TOC entry 3278 (class 2606 OID 16452)
-- Name: auth_permission auth_permission_content_type_id_codename_01ab375a_uniq; Type: CONSTRAINT; Schema: public; Owner: postgres
--

ALTER TABLE ONLY public.auth_permission
    ADD CONSTRAINT auth_permission_content_type_id_codename_01ab375a_uniq UNIQUE (content_type_id, codename);


--
-- TOC entry 3280 (class 2606 OID 16416)
-- Name: auth_permission auth_permission_pkey; Type: CONSTRAINT; Schema: public; Owner: postgres
--

ALTER TABLE ONLY public.auth_permission
    ADD CONSTRAINT auth_permission_pkey PRIMARY KEY (id);


--
-- TOC entry 3299 (class 2606 OID 16444)
-- Name: auth_user_groups auth_user_groups_pkey; Type: CONSTRAINT; Schema: public; Owner: postgres
--

ALTER TABLE ONLY public.auth_user_groups
    ADD CONSTRAINT auth_user_groups_pkey PRIMARY KEY (id);


--
-- TOC entry 3302 (class 2606 OID 16476)
-- Name: auth_user_groups auth_user_groups_user_id_group_id_94350c0c_uniq; Type: CONSTRAINT; Schema: public; Owner: postgres
--

ALTER TABLE ONLY public.auth_user_groups
    ADD CONSTRAINT auth_user_groups_user_id_group_id_94350c0c_uniq UNIQUE (user_id, group_id);


--
-- TOC entry 3293 (class 2606 OID 16436)
-- Name: auth_user auth_user_pkey; Type: CONSTRAINT; Schema: public; Owner: postgres
--

ALTER TABLE ONLY public.auth_user
    ADD CONSTRAINT auth_user_pkey PRIMARY KEY (id);


--
-- TOC entry 3305 (class 2606 OID 16450)
-- Name: auth_user_user_permissions auth_user_user_permissions_pkey; Type: CONSTRAINT; Schema: public; Owner: postgres
--

ALTER TABLE ONLY public.auth_user_user_permissions
    ADD CONSTRAINT auth_user_user_permissions_pkey PRIMARY KEY (id);


--
-- TOC entry 3308 (class 2606 OID 16490)
-- Name: auth_user_user_permissions auth_user_user_permissions_user_id_permission_id_14a6b632_uniq; Type: CONSTRAINT; Schema: public; Owner: postgres
--

ALTER TABLE ONLY public.auth_user_user_permissions
    ADD CONSTRAINT auth_user_user_permissions_user_id_permission_id_14a6b632_uniq UNIQUE (user_id, permission_id);


--
-- TOC entry 3296 (class 2606 OID 16525)
-- Name: auth_user auth_user_username_key; Type: CONSTRAINT; Schema: public; Owner: postgres
--

ALTER TABLE ONLY public.auth_user
    ADD CONSTRAINT auth_user_username_key UNIQUE (username);


--
-- TOC entry 3332 (class 2606 OID 16629)
-- Name: authtoken_token authtoken_token_pkey; Type: CONSTRAINT; Schema: public; Owner: postgres
--

ALTER TABLE ONLY public.authtoken_token
    ADD CONSTRAINT authtoken_token_pkey PRIMARY KEY (key);


--
-- TOC entry 3334 (class 2606 OID 16631)
-- Name: authtoken_token authtoken_token_user_id_key; Type: CONSTRAINT; Schema: public; Owner: postgres
--

ALTER TABLE ONLY public.authtoken_token
    ADD CONSTRAINT authtoken_token_user_id_key UNIQUE (user_id);


--
-- TOC entry 3311 (class 2606 OID 16511)
-- Name: django_admin_log django_admin_log_pkey; Type: CONSTRAINT; Schema: public; Owner: postgres
--

ALTER TABLE ONLY public.django_admin_log
    ADD CONSTRAINT django_admin_log_pkey PRIMARY KEY (id);


--
-- TOC entry 3273 (class 2606 OID 16410)
-- Name: django_content_type django_content_type_app_label_model_76bd3d3b_uniq; Type: CONSTRAINT; Schema: public; Owner: postgres
--

ALTER TABLE ONLY public.django_content_type
    ADD CONSTRAINT django_content_type_app_label_model_76bd3d3b_uniq UNIQUE (app_label, model);


--
-- TOC entry 3275 (class 2606 OID 16408)
-- Name: django_content_type django_content_type_pkey; Type: CONSTRAINT; Schema: public; Owner: postgres
--

ALTER TABLE ONLY public.django_content_type
    ADD CONSTRAINT django_content_type_pkey PRIMARY KEY (id);


--
-- TOC entry 3271 (class 2606 OID 16402)
-- Name: django_migrations django_migrations_pkey; Type: CONSTRAINT; Schema: public; Owner: postgres
--

ALTER TABLE ONLY public.django_migrations
    ADD CONSTRAINT django_migrations_pkey PRIMARY KEY (id);


--
-- TOC entry 3315 (class 2606 OID 16538)
-- Name: django_session django_session_pkey; Type: CONSTRAINT; Schema: public; Owner: postgres
--

ALTER TABLE ONLY public.django_session
    ADD CONSTRAINT django_session_pkey PRIMARY KEY (session_key);


--
-- TOC entry 3325 (class 2606 OID 16573)
-- Name: order_detail idx_unique_order_id_seq; Type: CONSTRAINT; Schema: public; Owner: postgres
--

ALTER TABLE ONLY public.order_detail
    ADD CONSTRAINT idx_unique_order_id_seq UNIQUE (order_id, seq);


--
-- TOC entry 3329 (class 2606 OID 16566)
-- Name: order_detail order_detail_pkey; Type: CONSTRAINT; Schema: public; Owner: postgres
--

ALTER TABLE ONLY public.order_detail
    ADD CONSTRAINT order_detail_pkey PRIMARY KEY (id);


--
-- TOC entry 3323 (class 2606 OID 16560)
-- Name: orders order_pkey; Type: CONSTRAINT; Schema: public; Owner: postgres
--

ALTER TABLE ONLY public.orders
    ADD CONSTRAINT order_pkey PRIMARY KEY (order_id);


--
-- TOC entry 3318 (class 2606 OID 16548)
-- Name: customer testapp_customer_pkey; Type: CONSTRAINT; Schema: public; Owner: postgres
--

ALTER TABLE ONLY public.customer
    ADD CONSTRAINT testapp_customer_pkey PRIMARY KEY (customer_id);


--
-- TOC entry 3320 (class 2606 OID 16554)
-- Name: item testapp_item_pkey; Type: CONSTRAINT; Schema: public; Owner: postgres
--

ALTER TABLE ONLY public.item
    ADD CONSTRAINT testapp_item_pkey PRIMARY KEY (item_id);


--
-- TOC entry 3281 (class 1259 OID 16531)
-- Name: auth_group_name_a6ea08ec_like; Type: INDEX; Schema: public; Owner: postgres
--

CREATE INDEX auth_group_name_a6ea08ec_like ON public.auth_group USING btree (name varchar_pattern_ops);


--
-- TOC entry 3286 (class 1259 OID 16472)
-- Name: auth_group_permissions_group_id_b120cbf9; Type: INDEX; Schema: public; Owner: postgres
--

CREATE INDEX auth_group_permissions_group_id_b120cbf9 ON public.auth_group_permissions USING btree (group_id);


--
-- TOC entry 3289 (class 1259 OID 16473)
-- Name: auth_group_permissions_permission_id_84c5c92e; Type: INDEX; Schema: public; Owner: postgres
--

CREATE INDEX auth_group_permissions_permission_id_84c5c92e ON public.auth_group_permissions USING btree (permission_id);


--
-- TOC entry 3276 (class 1259 OID 16458)
-- Name: auth_permission_content_type_id_2f476e4b; Type: INDEX; Schema: public; Owner: postgres
--

CREATE INDEX auth_permission_content_type_id_2f476e4b ON public.auth_permission USING btree (content_type_id);


--
-- TOC entry 3297 (class 1259 OID 16488)
-- Name: auth_user_groups_group_id_97559544; Type: INDEX; Schema: public; Owner: postgres
--

CREATE INDEX auth_user_groups_group_id_97559544 ON public.auth_user_groups USING btree (group_id);


--
-- TOC entry 3300 (class 1259 OID 16487)
-- Name: auth_user_groups_user_id_6a12ed8b; Type: INDEX; Schema: public; Owner: postgres
--

CREATE INDEX auth_user_groups_user_id_6a12ed8b ON public.auth_user_groups USING btree (user_id);


--
-- TOC entry 3303 (class 1259 OID 16502)
-- Name: auth_user_user_permissions_permission_id_1fbb5f2c; Type: INDEX; Schema: public; Owner: postgres
--

CREATE INDEX auth_user_user_permissions_permission_id_1fbb5f2c ON public.auth_user_user_permissions USING btree (permission_id);


--
-- TOC entry 3306 (class 1259 OID 16501)
-- Name: auth_user_user_permissions_user_id_a95ead1b; Type: INDEX; Schema: public; Owner: postgres
--

CREATE INDEX auth_user_user_permissions_user_id_a95ead1b ON public.auth_user_user_permissions USING btree (user_id);


--
-- TOC entry 3294 (class 1259 OID 16526)
-- Name: auth_user_username_6821ab7c_like; Type: INDEX; Schema: public; Owner: postgres
--

CREATE INDEX auth_user_username_6821ab7c_like ON public.auth_user USING btree (username varchar_pattern_ops);


--
-- TOC entry 3330 (class 1259 OID 16637)
-- Name: authtoken_token_key_10f0b77e_like; Type: INDEX; Schema: public; Owner: postgres
--

CREATE INDEX authtoken_token_key_10f0b77e_like ON public.authtoken_token USING btree (key varchar_pattern_ops);


--
-- TOC entry 3309 (class 1259 OID 16522)
-- Name: django_admin_log_content_type_id_c4bce8eb; Type: INDEX; Schema: public; Owner: postgres
--

CREATE INDEX django_admin_log_content_type_id_c4bce8eb ON public.django_admin_log USING btree (content_type_id);


--
-- TOC entry 3312 (class 1259 OID 16523)
-- Name: django_admin_log_user_id_c564eba6; Type: INDEX; Schema: public; Owner: postgres
--

CREATE INDEX django_admin_log_user_id_c564eba6 ON public.django_admin_log USING btree (user_id);


--
-- TOC entry 3313 (class 1259 OID 16540)
-- Name: django_session_expire_date_a5c62663; Type: INDEX; Schema: public; Owner: postgres
--

CREATE INDEX django_session_expire_date_a5c62663 ON public.django_session USING btree (expire_date);


--
-- TOC entry 3316 (class 1259 OID 16539)
-- Name: django_session_session_key_c0390e0f_like; Type: INDEX; Schema: public; Owner: postgres
--

CREATE INDEX django_session_session_key_c0390e0f_like ON public.django_session USING btree (session_key varchar_pattern_ops);


--
-- TOC entry 3321 (class 1259 OID 16586)
-- Name: order_customer_id_id_81577891; Type: INDEX; Schema: public; Owner: postgres
--

CREATE INDEX order_customer_id_id_81577891 ON public.orders USING btree (customer_id);


--
-- TOC entry 3326 (class 1259 OID 16584)
-- Name: order_detail_item_id_id_d74dc24a; Type: INDEX; Schema: public; Owner: postgres
--

CREATE INDEX order_detail_item_id_id_d74dc24a ON public.order_detail USING btree (item_id);


--
-- TOC entry 3327 (class 1259 OID 16585)
-- Name: order_detail_order_id_id_e25ddcbe; Type: INDEX; Schema: public; Owner: postgres
--

CREATE INDEX order_detail_order_id_id_e25ddcbe ON public.order_detail USING btree (order_id);


--
-- TOC entry 3337 (class 2606 OID 16467)
-- Name: auth_group_permissions auth_group_permissio_permission_id_84c5c92e_fk_auth_perm; Type: FK CONSTRAINT; Schema: public; Owner: postgres
--

ALTER TABLE ONLY public.auth_group_permissions
    ADD CONSTRAINT auth_group_permissio_permission_id_84c5c92e_fk_auth_perm FOREIGN KEY (permission_id) REFERENCES public.auth_permission(id) DEFERRABLE INITIALLY DEFERRED;


--
-- TOC entry 3336 (class 2606 OID 16462)
-- Name: auth_group_permissions auth_group_permissions_group_id_b120cbf9_fk_auth_group_id; Type: FK CONSTRAINT; Schema: public; Owner: postgres
--

ALTER TABLE ONLY public.auth_group_permissions
    ADD CONSTRAINT auth_group_permissions_group_id_b120cbf9_fk_auth_group_id FOREIGN KEY (group_id) REFERENCES public.auth_group(id) DEFERRABLE INITIALLY DEFERRED;


--
-- TOC entry 3335 (class 2606 OID 16453)
-- Name: auth_permission auth_permission_content_type_id_2f476e4b_fk_django_co; Type: FK CONSTRAINT; Schema: public; Owner: postgres
--

ALTER TABLE ONLY public.auth_permission
    ADD CONSTRAINT auth_permission_content_type_id_2f476e4b_fk_django_co FOREIGN KEY (content_type_id) REFERENCES public.django_content_type(id) DEFERRABLE INITIALLY DEFERRED;


--
-- TOC entry 3339 (class 2606 OID 16482)
-- Name: auth_user_groups auth_user_groups_group_id_97559544_fk_auth_group_id; Type: FK CONSTRAINT; Schema: public; Owner: postgres
--

ALTER TABLE ONLY public.auth_user_groups
    ADD CONSTRAINT auth_user_groups_group_id_97559544_fk_auth_group_id FOREIGN KEY (group_id) REFERENCES public.auth_group(id) DEFERRABLE INITIALLY DEFERRED;


--
-- TOC entry 3338 (class 2606 OID 16477)
-- Name: auth_user_groups auth_user_groups_user_id_6a12ed8b_fk_auth_user_id; Type: FK CONSTRAINT; Schema: public; Owner: postgres
--

ALTER TABLE ONLY public.auth_user_groups
    ADD CONSTRAINT auth_user_groups_user_id_6a12ed8b_fk_auth_user_id FOREIGN KEY (user_id) REFERENCES public.auth_user(id) DEFERRABLE INITIALLY DEFERRED;


--
-- TOC entry 3341 (class 2606 OID 16496)
-- Name: auth_user_user_permissions auth_user_user_permi_permission_id_1fbb5f2c_fk_auth_perm; Type: FK CONSTRAINT; Schema: public; Owner: postgres
--

ALTER TABLE ONLY public.auth_user_user_permissions
    ADD CONSTRAINT auth_user_user_permi_permission_id_1fbb5f2c_fk_auth_perm FOREIGN KEY (permission_id) REFERENCES public.auth_permission(id) DEFERRABLE INITIALLY DEFERRED;


--
-- TOC entry 3340 (class 2606 OID 16491)
-- Name: auth_user_user_permissions auth_user_user_permissions_user_id_a95ead1b_fk_auth_user_id; Type: FK CONSTRAINT; Schema: public; Owner: postgres
--

ALTER TABLE ONLY public.auth_user_user_permissions
    ADD CONSTRAINT auth_user_user_permissions_user_id_a95ead1b_fk_auth_user_id FOREIGN KEY (user_id) REFERENCES public.auth_user(id) DEFERRABLE INITIALLY DEFERRED;


--
-- TOC entry 3347 (class 2606 OID 16632)
-- Name: authtoken_token authtoken_token_user_id_35299eff_fk_auth_user_id; Type: FK CONSTRAINT; Schema: public; Owner: postgres
--

ALTER TABLE ONLY public.authtoken_token
    ADD CONSTRAINT authtoken_token_user_id_35299eff_fk_auth_user_id FOREIGN KEY (user_id) REFERENCES public.auth_user(id) DEFERRABLE INITIALLY DEFERRED;


--
-- TOC entry 3342 (class 2606 OID 16512)
-- Name: django_admin_log django_admin_log_content_type_id_c4bce8eb_fk_django_co; Type: FK CONSTRAINT; Schema: public; Owner: postgres
--

ALTER TABLE ONLY public.django_admin_log
    ADD CONSTRAINT django_admin_log_content_type_id_c4bce8eb_fk_django_co FOREIGN KEY (content_type_id) REFERENCES public.django_content_type(id) DEFERRABLE INITIALLY DEFERRED;


--
-- TOC entry 3343 (class 2606 OID 16517)
-- Name: django_admin_log django_admin_log_user_id_c564eba6_fk_auth_user_id; Type: FK CONSTRAINT; Schema: public; Owner: postgres
--

ALTER TABLE ONLY public.django_admin_log
    ADD CONSTRAINT django_admin_log_user_id_c564eba6_fk_auth_user_id FOREIGN KEY (user_id) REFERENCES public.auth_user(id) DEFERRABLE INITIALLY DEFERRED;


--
-- TOC entry 3345 (class 2606 OID 16643)
-- Name: order_detail order_detail_item_id_780fbd0b_fk_item_item_id; Type: FK CONSTRAINT; Schema: public; Owner: postgres
--

ALTER TABLE ONLY public.order_detail
    ADD CONSTRAINT order_detail_item_id_780fbd0b_fk_item_item_id FOREIGN KEY (item_id) REFERENCES public.item(item_id) DEFERRABLE INITIALLY DEFERRED;


--
-- TOC entry 3346 (class 2606 OID 16648)
-- Name: order_detail order_detail_order_id_b97dfbdf_fk_orders_order_id; Type: FK CONSTRAINT; Schema: public; Owner: postgres
--

ALTER TABLE ONLY public.order_detail
    ADD CONSTRAINT order_detail_order_id_b97dfbdf_fk_orders_order_id FOREIGN KEY (order_id) REFERENCES public.orders(order_id) DEFERRABLE INITIALLY DEFERRED;


--
-- TOC entry 3344 (class 2606 OID 16638)
-- Name: orders orders_customer_id_b7016332_fk_customer_customer_id; Type: FK CONSTRAINT; Schema: public; Owner: postgres
--

ALTER TABLE ONLY public.orders
    ADD CONSTRAINT orders_customer_id_b7016332_fk_customer_customer_id FOREIGN KEY (customer_id) REFERENCES public.customer(customer_id) DEFERRABLE INITIALLY DEFERRED;


-- Completed on 2023-09-02 13:08:09

--
-- PostgreSQL database dump complete
--

